{
  "best": {
    "_epoch_": {},
    "train": {
      "loss": 0.002010176656767726,
      "loss/mean": 0.002010176656767726,
      "loss/std": 0.00023704515625747939,
      "lr": 0.001,
      "momentum": 0.9
    },
    "valid": {
      "loss": 0.0016088733682408929,
      "loss/mean": 0.0016088733682408929,
      "loss/std": 0.0006881543835690006,
      "lr": 0.001,
      "momentum": 0.9
    },
    "_score_": "train.20"
  },
  "last": {
    "_epoch_": {},
    "train": {
      "loss": 0.002010176656767726,
      "loss/mean": 0.002010176656767726,
      "loss/std": 0.00023704515625747939,
      "lr": 0.001,
      "momentum": 0.9
    },
    "valid": {
      "loss": 0.0016088733682408929,
      "loss/mean": 0.0016088733682408929,
      "loss/std": 0.0006881543835690006,
      "lr": 0.001,
      "momentum": 0.9
    },
    "_score_": 0.0016088733682408929
  },
  "train.20": {
    "_epoch_": {},
    "train": {
      "loss": 0.002010176656767726,
      "loss/mean": 0.002010176656767726,
      "loss/std": 0.00023704515625747939,
      "lr": 0.001,
      "momentum": 0.9
    },
    "valid": {
      "loss": 0.0016088733682408929,
      "loss/mean": 0.0016088733682408929,
      "loss/std": 0.0006881543835690006,
      "lr": 0.001,
      "momentum": 0.9
    },
    "_score_": 0.0016088733682408929
  }
}