{
  "best": {
    "_epoch_": {},
    "train": {
      "loss": 0.010692539624869823,
      "loss/mean": 0.010692539624869823,
      "loss/std": 0.013035611047328538,
      "lr": 0.001,
      "momentum": 0.9
    },
    "valid": {
      "loss": 0.007854296825826168,
      "loss/mean": 0.007854296825826168,
      "loss/std": 0.007860750396637592,
      "lr": 0.001,
      "momentum": 0.9
    },
    "_score_": "train.17"
  },
  "last": {
    "_epoch_": {},
    "train": {
      "loss": 0.008881393820047379,
      "loss/mean": 0.008881393820047379,
      "loss/std": 0.009771104064503273,
      "lr": 0.001,
      "momentum": 0.9
    },
    "valid": {
      "loss": 0.013617782853543758,
      "loss/mean": 0.013617782853543758,
      "loss/std": 0.01447968334394533,
      "lr": 0.001,
      "momentum": 0.9
    },
    "_score_": 0.013617782853543758
  },
  "train.17": {
    "_epoch_": {},
    "train": {
      "loss": 0.010692539624869823,
      "loss/mean": 0.010692539624869823,
      "loss/std": 0.013035611047328538,
      "lr": 0.001,
      "momentum": 0.9
    },
    "valid": {
      "loss": 0.007854296825826168,
      "loss/mean": 0.007854296825826168,
      "loss/std": 0.007860750396637592,
      "lr": 0.001,
      "momentum": 0.9
    },
    "_score_": 0.007854296825826168
  }
}