{
  "best": {
    "_epoch_": {},
    "train": {
      "loss": 0.014647899195551872,
      "loss/mean": 0.014647899195551872,
      "loss/std": 0.0015831718370028576,
      "lr": 0.001,
      "momentum": 0.9
    },
    "valid": {
      "loss": 0.015068059787154198,
      "loss/mean": 0.015068059787154198,
      "loss/std": 0.0033975049602603443,
      "lr": 0.001,
      "momentum": 0.9
    },
    "_score_": "train.20"
  },
  "last": {
    "_epoch_": {},
    "train": {
      "loss": 0.014647899195551872,
      "loss/mean": 0.014647899195551872,
      "loss/std": 0.0015831718370028576,
      "lr": 0.001,
      "momentum": 0.9
    },
    "valid": {
      "loss": 0.015068059787154198,
      "loss/mean": 0.015068059787154198,
      "loss/std": 0.0033975049602603443,
      "lr": 0.001,
      "momentum": 0.9
    },
    "_score_": 0.015068059787154198
  },
  "train.20": {
    "_epoch_": {},
    "train": {
      "loss": 0.014647899195551872,
      "loss/mean": 0.014647899195551872,
      "loss/std": 0.0015831718370028576,
      "lr": 0.001,
      "momentum": 0.9
    },
    "valid": {
      "loss": 0.015068059787154198,
      "loss/mean": 0.015068059787154198,
      "loss/std": 0.0033975049602603443,
      "lr": 0.001,
      "momentum": 0.9
    },
    "_score_": 0.015068059787154198
  }
}